{
  "total_samples": 262144,
  "ode_alive_pct": 75.60653686523438,
  "gillespie_survived_pct": 68.55812072753906,
  "rf_accuracy": 0.93096,
  "rf_accuracy_std": 0.0008163332652783588,
  "rf_auc": 0.9821517280607199,
  "rf_auc_std": 0.00026827484765985516,
  "feature_importances": {
    "k1": 0.12688805534164352,
    "Ka": 0.044120393749112204,
    "f1": 0.09224773898493817,
    "Km_f": 0.026702236783421682,
    "km": 0.03268433939013751,
    "k_fe_gen": 0.03750884685366006,
    "fe_supply": 0.03350744521854469,
    "kd_A": 0.3623575636998076,
    "kd_m": 0.09989292605574845,
    "kd_fe": 0.032122945936877374,
    "N_A": 0.05706876618247957,
    "T_celsius": 0.054898741803629136
  },
  "critical_values_25C": {
    "k1": 5.2140082879996844e-05,
    "Ka": 0.002009233002565048,
    "f1": 0.0019630406500402726,
    "Km_f": null,
    "km": null,
    "k_fe_gen": null,
    "fe_supply": null,
    "kd_A": 0.00027185882427329403,
    "kd_m": 1.1497569953977357e-05,
    "kd_fe": null,
    "N_A": null
  },
  "critical_values_100C": {
    "k1": 2.9150530628251757e-05,
    "Ka": 0.005336699231206312,
    "f1": 0.0013530477745798076,
    "Km_f": null,
    "km": null,
    "k_fe_gen": null,
    "fe_supply": null,
    "kd_A": 0.0003853528593710527,
    "kd_m": 1.1497569953977357e-05,
    "kd_fe": null,
    "N_A": null
  }
}